code,number,arrival,departure
MQ,1608,IAD,GNV
MQ,7981,TYS,SDF
MQ,1613,YUM,EWR
MQ,9038,LBE,AUS
MQ,9316,CHS,APN
MQ,1772,SWO,SGF
MQ,9003,GJT,EWR
MQ,4872,SIT,PHX
MQ,6242,TUL,OKC
MQ,9718,CAK,CAK
MQ,1476,PHL,CAK
MQ,862,AGS,AUS
MQ,4323,BDL,CLT
MQ,1103,SJC,JAC
MQ,857,DSM,PVD
MQ,5146,ROC,AVP
MQ,2657,COS,MCI
MQ,9505,DRO,CMH
MQ,4566,TLH,ROW
MQ,3528,CLE,AVP
MQ,6718,ORF,DFW
MQ,9065,PWM,XNA
MQ,8636,BTV,SNA
MQ,4353,PBI,SYR
MQ,6769,BET,DCA
MQ,7927,LFT,LAX
MQ,9104,ROC,CLL
MQ,2361,DTW,MDT
MQ,696,TUL,RIC
MQ,8405,TLH,PBG
MQ,1242,BTR,CWA
MQ,6770,ABQ,HSV
MQ,395,ITO,MSY
MQ,2858,PIT,PHL
MQ,409,PDX,PWM
MQ,8350,CSG,BIS
MQ,2205,TOL,TYS
MQ,2220,RIC,ATL
MQ,2690,LAX,CMX
MQ,9668,ABR,ILM
MQ,4784,SMF,ICT
MQ,2231,STT,MKE
MQ,2025,SYR,PHX
MQ,5506,ROC,ABE
MQ,2387,BOI,TYS
MQ,3570,CRW,DSM
MQ,9007,CHO,FLL
MQ,237,DTW,EWR
MQ,666,PVD,VPS
MQ,2627,PHF,ROW
MQ,4094,ROC,ATL
MQ,6161,TRI,FAT
MQ,949,MDT,DSM
MQ,4145,MYR,MHT
MQ,9434,DTW,RIC
MQ,675,BDL,CMH
MQ,5528,BIS,AVL
MQ,2765,AUS,IAG
MQ,2614,TRI,SAT
MQ,423,ISP,PWM
MQ,7304,BFF,PVD
MQ,2271,RIC,BTR
MQ,8018,BUR,PHF
MQ,5588,RDU,DCA
MQ,3532,GSP,SUX
MQ,8999,GSO,SAV
MQ,4848,RIC,BHM
MQ,8381,DTW,BDL
MQ,228,MKE,MSO
MQ,3451,BOS,OAK
MQ,5854,RDU,MSY
MQ,9499,BDL,BNA
MQ,1310,FLL,GRB
MQ,3180,ITH,SJT
MQ,5344,EWR,ABY
MQ,2628,SJT,ORF
MQ,8078,ESC,GEG
MQ,9917,BRO,AVP
MQ,8945,SHV,BDL
MQ,3565,BDL,PWM
MQ,3378,TVC,MKG
MQ,5883,ROA,TUL
MQ,8410,TLH,BTV
MQ,6723,BQN,HRL
MQ,6562,RIC,MFR
MQ,4943,BOS,MCI
MQ,2916,ACK,SAT
MQ,2954,JAX,ANC
MQ,9418,HSV,ORD
MQ,7239,MCI,PIA
MQ,5955,RHI,BMI
MQ,1712,EWR,OAK
MQ,8507,CHA,MCI
MQ,518,PNS,BNA
MQ,6930,AUS,RDU
MQ,3099,AVL,PSP
MQ,5864,MSY,ORD
MQ,594,BDL,MHT
MQ,6091,ANC,INL
MQ,510,CAE,CVG
MQ,7496,IAH,OME
MQ,8875,VEL,BDL
MQ,2720,PHX,SAT
MQ,3525,EWN,SPI
MQ,9908,RIC,SJC
MQ,3333,OME,PIA
MQ,8434,CAK,GRR
MQ,694,DTW,BIL
MQ,2717,FWA,ACY
MQ,8693,MGM,GSP
MQ,31,BOS,SGF
MQ,5583,YUM,TLH
MQ,8866,SEA,PHX
MQ,3578,HYS,CVG
MQ,1794,MSP,BIS
MQ,1403,BOI,SGU
MQ,9225,GJT,BFF
MQ,9680,LGA,ORF
MQ,9497,DLH,LAX
MQ,2341,SNA,CAE
MQ,1213,MKG,PIT
MQ,5318,SAT,PSG
MQ,6979,MSP,PHX
MQ,7850,HTS,XNA
MQ,2971,GNV,DFW
MQ,7268,SDF,RIC
MQ,4861,XNA,CKB
MQ,9196,CAK,SGF
MQ,6190,BHM,PIT
MQ,2744,SLC,RDU
MQ,1192,LIH,DSM
MQ,5306,PHL,FAY
MQ,9401,CWA,ONT
MQ,8269,ECP,HYS
MQ,9783,DFW,BWI
MQ,7133,IND,STX
MQ,129,GSO,JAX
MQ,1813,SAV,XNA
MQ,4587,AVL,PNS
MQ,6856,ELP,BGM
MQ,6711,OKC,SHV
MQ,8519,IDA,BRO
MQ,7422,CID,MSY
MQ,2061,DCA,GRI
MQ,1272,DCA,CHA
MQ,1912,LIH,BWI
MQ,7503,PBG,PDX
MQ,4248,CAE,MEM
MQ,803,FAI,RNO
MQ,213,LGA,DFW
MQ,9741,CRW,SAV
MQ,7609,MFE,PWM
MQ,7619,HOU,CHO
MQ,3356,TPA,DFW
MQ,6283,IDA,OAK
MQ,4192,OGG,RDU
MQ,5214,COS,PBI
MQ,9429,MSP,ADK
MQ,2241,AVL,MSP
MQ,654,LBE,GRK
MQ,1373,TYR,MCO
MQ,4173,AUS,STT
MQ,9435,SJU,STT
MQ,202,BUF,ATL
MQ,4880,MAF,OKC
MQ,6821,JAX,TXK
MQ,8812,GEG,EWR
MQ,9246,LBB,AEX
MQ,9560,RSW,SPI
MQ,6337,ANC,SLC
MQ,8130,CMH,MSY
MQ,2032,SFO,PGD
MQ,6854,FWA,HSV
MQ,3151,CAE,LAS
MQ,7343,STT,CMH
MQ,5137,TVC,BOS
MQ,7474,AVP,CAK
MQ,1954,SYR,ABR
MQ,5569,JAX,SDF
MQ,3793,MSP,SNA
MQ,3704,ACY,ORD
MQ,234,YUM,SAT
MQ,978,LAX,OKC
MQ,4143,TOL,SRQ
MQ,1374,BIL,SJC
MQ,6195,EWR,ATL
MQ,686,RDM,ATL
MQ,1250,SBN,DAY
MQ,5460,GNV,PBG
MQ,4254,TYS,BNA
MQ,224,EWR,ORD
MQ,2251,EWR,RDU
MQ,7694,TUL,SYR
MQ,9082,CMH,GEG
MQ,3196,BQN,GTF
MQ,1118,PNS,BTR
MQ,2710,SUN,BTV
MQ,8499,SDF,CVG
MQ,8549,CMH,AVL
MQ,7926,LBF,SYR
NK,6873,MTJ,TRI
NK,6249,LIT,MGM
NK,2072,CSG,GRK
NK,6229,AVL,LWB
NK,6277,BUR,ORF
NK,6410,BHM,AVL
NK,2412,PVD,RDU
NK,1817,EWR,CAE
NK,9674,DTW,MKE
NK,6483,BWI,GSP
NK,3103,CHA,IND
NK,4820,OAJ,SMF
NK,2095,ATW,RDU
NK,5832,ATL,SPI
NK,4778,TYR,MSY
NK,4979,OAK,SMF
NK,2832,BWI,IND
NK,2027,SYR,RIC
NK,9715,ICT,BTV
NK,9862,LIT,TUL
NK,1138,ABR,SPI
NK,7162,ATL,CLE
NK,4558,EWN,STL
NK,3475,AMA,GST
NK,1685,FAR,STL
NK,9129,OKC,OMA
NK,7530,BTM,JAX
NK,2652,MOT,SGF
NK,4780,CHA,DFW
NK,8149,PUB,GSO
NK,3491,PHL,STS
NK,6636,MTJ,CGI
NK,6129,RIC,FNT
NK,1219,OAJ,MOT
NK,1409,PHL,CHO
NK,2394,TYS,HPN
NK,7937,ABR,EVV
NK,8748,SFO,TUL
NK,6886,BZN,LGA
NK,4091,GPT,COD
NK,7316,HYS,RDM
NK,8991,TYS,IND
NK,7776,PVD,MSO
NK,9574,MYR,BUF
NK,2968,PHL,RDM
NK,6038,JAC,MYR
NK,3090,VPS,MGM
NK,8185,SHV,MSY
NK,569,BRO,TUL
NK,7607,SEA,IAH
NK,7505,LBE,BTV
NK,577,CMH,ALB
NK,6233,FAT,GEG
NK,4364,SAV,ROC
NK,4055,DEN,CHS
NK,9788,MFR,LAS
NK,3111,TVC,LAX
NK,6851,MCI,JFK
NK,195,AVL,MEM
NK,9892,DVL,CHO
NK,9273,GRR,OAJ
NK,2313,FAI,AUS
NK,2103,GCC,CLT
NK,3900,SAV,MCO
NK,2733,ROA,CIU
NK,4361,MSN,JAN
NK,9240,RDU,STS
NK,6092,ANC,DFW
NK,1286,ALB,PGV
NK,2013,AVP,GUM
NK,3876,MKE,TVC
NK,4239,SAV,FLL
NK,8101,HIB,PIA
NK,1533,GGG,DHN
NK,7862,PGV,SYR
NK,2681,LSE,GEG
NK,8479,EWR,OKC
NK,5430,SDF,SWO
NK,7385,DSM,IND
NK,7528,PNS,TUL
NK,5562,LAS,TYS
NK,1474,SBN,SLC
NK,8946,LWS,LWB
NK,9321,JAC,DTW
NK,9153,OKC,RIC
NK,2165,SAN,ROC
NK,618,DAL,DEN
NK,8288,GRR,XNA
NK,1771,CRW,BGR
NK,7722,LAX,MSP
NK,7780,OAK,RNO
NK,8232,RNO,EWR
NK,9222,SAV,LIT
NK,2232,GTR,DCA
NK,6325,CID,OGG
NK,5829,HPN,MDT
NK,179,MYR,PVD
NK,2473,MCI,TUS
NK,9562,ROA,JAX
NK,1067,JMS,SEA
NK,4220,BTV,SAT
NK,3724,STL,ROC
NK,2004,PHL,DTW
NK,6237,HOU,DAL
NK,1885,MSP,PSP
NK,8035,RDU,BTV
NK,9820,DSM,IND
NK,9955,ABQ,IND
NK,8463,STT,EWN
NK,5423,TUS,DFW
NK,6238,SAV,BRD
NK,3718,BHM,JFK
NK,4466,MHT,RSW
NK,6518,BOS,BGR
NK,2051,CNY,DHN
NK,858,FWA,JAX
NK,7264,MKE,PSP
NK,2187,TUL,ATL
NK,8452,SAT,LAS
NK,7667,JLN,ORF
NK,9193,GSP,DHN
NK,8246,BTV,ALB
NK,1517,CHS,BNA
NK,4944,HLN,ILM
NK,4397,FCA,DAL
NK,8390,IAD,OKC
NK,8196,TUL,CRW
NK,3268,CAE,EWR
NK,6641,STL,APN
NK,5313,RDU,IND
NK,6408,APN,SJU
NK,2502,PHL,TPA
NK,9085,ESC,DAY
NK,7152,JAX,RST
NK,9679,SYR,ORD
NK,3476,XNA,MSO
NK,2582,SAN,IAD
NK,9491,RDU,PVD
NK,7651,GRR,GEG
NK,6033,SPS,VPS
NK,568,RIC,CHS
NK,6464,ELP,CID
NK,5635,PDX,VPS
NK,2022,HOU,SDF
NK,1064,CLT,MKE
NK,3060,PBG,ORD
NK,9973,BUF,JFK
NK,6086,SWF,MOT
NK,389,MOB,BWI
NK,3390,TVC,GNV
NK,9067,DFW,BUF
NK,6110,CMH,COD
NK,9923,KTN,SHV
NK,3332,CRW,BWI
NK,8870,AMA,OAK
NK,5907,JAC,RIC
NK,8848,GRR,AVP
NK,4721,PIT,AUS
NK,8675,BTR,MYR
NK,5045,OKC,STL
NK,5050,ATL,MEM
NK,8648,CLL,ORH
NK,163,ROW,HPN
NK,804,CLE,DSM
NK,6455,LWS,DAY
NK,6530,APN,RAP
NK,2247,PRC,MSY
NK,6251,SCE,GRR
NK,7563,BUF,DTW
NK,4129,GSO,JAX
NK,2194,ATL,LAS
NK,4857,MTJ,MOB
NK,1507,FSD,BUR
NK,1866,LIT,MSY
NK,368,OMA,ROA
NK,7990,CRW,EWR
NK,5227,CMH,LGA
NK,5072,FAT,AVP
NK,1925,BHM,SBN
NK,4039,MYR,OTH
NK,7692,LGB,ATW
NK,4024,CKB,SMF
NK,8724,ROA,JMS
NK,1490,ABQ,MTJ
NK,4806,TUL,STX
NK,3024,ORF,IAH
NK,6694,DCA,LYH
NK,1046,OKC,ABY
NK,6861,MSY,PNS
NK,3293,ORD,DTW
NK,2993,CMH,CGI
NK,756,BTM,CLT
NK,4161,GST,SJC
NK,3384,BNA,TWF
NK,3287,AVL,MLI
NK,5783,BNA,SDF
NK,1531,MHT,HPN
NK,6123,MSY,SAV
NK,7060,DCA,BDL
NK,6875,CMH,LFT
OH,2886,BTM,MYR
OH,2762,MHT,RDU
OH,8865,MSO,DTW
OH,3524,MAF,IAH
OH,1015,CGI,LAX
OH,4792,SBN,CRW
OH,5302,GRB,MSP
OH,1931,DEN,MDT
OH,4939,ATL,CAK
OH,8047,HSV,ELP
OH,2119,OKC,CAE
OH,314,OMA,GEG
OH,5891,TLH,ONT
OH,4020,LBL,BTR
OH,7590,DFW,SJU
OH,1720,XNA,ELP
OH,3514,BRD,SEA
OH,7853,IAD,BNA
OH,3165,BOS,ATL
OH,5797,AUS,TLH
OH,4698,DAL,BIL
OH,9039,CAK,YUM
OH,9537,MAF,DTW
OH,872,GTF,OAJ
OH,5786,RST,PSE
OH,5596,OTH,SDF
OH,8165,SHV,MSY
OH,7998,SAN,MKE
OH,502,DSM,GRR
OH,4649,FWA,LWB
OH,824,BTV,SRQ
OH,1008,IAD,HPN
OH,2357,SDF,WYS
OH,3930,DSM,BRD
OH,1803,RIC,TOL
OH,7484,PVD,ORF
OH,5116,GRR,ABR
OH,4059,ROC,OGD
OH,5516,XNA,PAH
OH,9618,ROA,PVD
OH,6860,IND,SDF
OH,2929,HNL,BRD
OH,4758,MSN,GUM
OH,5319,SAV,DFW
OH,3662,RSW,PWM
OH,1930,MCO,SDF
OH,4847,BZN,ORD
OH,8326,MHT,GRR
OH,1594,PRC,SRQ
OH,2610,TLH,AUS
OH,6867,BUF,TXK
OH,1860,AVP,SWO
OH,167,SNA,PVD
OH,3218,TWF,OAJ
OH,5749,ABQ,STL
OH,149,CLE,BTR
OH,9304,TLH,ROW
OH,9454,DVL,SAN
OH,4060,LIT,SFO
OH,7650,VPS,PWM
OH,2355,PSE,HNL
OH,7263,ROC,JFK
OH,8902,VLD,RSW
OH,8566,ABQ,PRC
OH,8365,RKS,FAR
OH,3654,FAY,MSN
OH,7437,PHX,LGA
OH,436,RIC,BDL
OH,2372,ROC,PHX
OH,7350,CLT,BGR
OH,6926,MFE,TPA
OH,6387,ABQ,BOI
OH,2527,XNA,TPA
OH,1584,PHX,GSO
OH,1514,MEM,LAS
OH,9602,ACV,LAX
OH,8041,MSP,TOL
OH,1607,LBF,SNA
OH,8419,TUL,AVP
OH,5373,HRL,LAN
OH,8038,JMS,MCI
OH,7813,SPI,APN
OH,4766,MIA,DTW
OH,3192,ONT,SEA
OH,8505,ROA,EVV
OH,7952,AUS,DAY
OH,5549,DAL,GPT
OH,9863,PHL,GRR
OH,7495,JAN,IMT
OH,4762,RSW,STT
OH,799,EKO,BIL
OH,9845,BHM,CVG
OH,4606,HYA,CHA
OH,1019,SPS,DEN
OH,4079,ABE,SBA
OH,4069,DLH,ONT
OH,6381,ORF,ITO
OH,4049,OTH,BOS
OH,4795,CAK,CKB
OH,599,GNV,SAN
OH,8784,TYS,TRI
OH,1289,CNY,TLH
OH,9143,SPS,GNV
OH,3038,RDU,RDU
OH,5368,MHT,IAH
OH,7556,CVG,DCA
OH,3615,ICT,BMI
OH,5550,CHO,GPT
OH,268,COD,LAW
OH,9589,SBA,ONT
OH,2124,DSM,XNA
OH,641,MCO,PSP
OH,8642,SYR,PHX
OH,2666,OMA,ANC
OH,5686,CID,CMH
OH,2229,SYR,PHX
OH,5525,XNA,DSM
OH,3264,PDX,SGF
OH,2682,MKE,CAK
OH,3127,ITO,ATL
OH,5573,SBA,STX
OH,151,MYR,ROW
OH,3762,BWI,FSD
OH,5046,BWI,LAR
OH,1844,EKO,PVD
OH,5660,GCC,LIT
OH,4877,STL,BUR
OH,6625,SHV,DCA
OH,360,MEM,IAD
OH,2521,AVL,SAN
OH,6477,PBI,DAB
OH,6866,IND,LAX
OH,2731,SPN,CLE
OH,482,TUS,SJC
OH,287,RDU,MIA
OH,7922,PBG,CRP
OH,5976,GCC,SJC
OH,7177,MYR,STL
OH,8539,CLT,HDN
OH,4016,BOS,ATL
OH,7663,OAJ,MDT
OH,4446,SWO,ABE
OH,6742,BUF,DEN
OH,96,AUS,ABR
OH,1094,RDU,IAH
OH,6182,IAH,SPI
OH,5654,MOB,PHL
OH,2761,SLC,DAL
OH,5701,PSG,TPA
OH,6299,CWA,CMH
OH,4396,PHX,RAP
OH,2063,HTS,SPS
OH,319,SPN,LNK
OH,7877,AUS,DTW
OH,4725,PHL,PNS
OH,201,TUL,ASE
OH,4770,TYS,BNA
OH,4041,SLC,SWF
OH,3398,SMF,FSD
OH,1358,MVY,TLH
OH,9351,IND,SAV
OH,8284,PWM,MKE
OH,4201,AVL,DAB
OH,4007,SAT,MBS
OH,7025,LGA,XNA
OH,2549,EKO,LEX
OH,7940,SDF,IAH
OH,5184,ROC,SEA
OH,8798,ACV,MDT
OH,6444,MCI,MCO
OH,2662,CVG,ABQ
OH,6137,HIB,TUL
OH,8468,SDF,ASE
OH,220,BQN,MYR
OH,3663,KOA,MEM
OH,755,MQT,SYR
OH,7906,DAB,MLU
OH,620,CVG,DFW
OH,8157,BQN,AVP
OH,9644,RDM,ROW
OH,7702,SAT,AEX
OH,8363,OTH,RST
OH,2949,LEX,SNA
OH,9519,MSY,FWA
OH,7197,LBF,OKC
OH,5197,RDU,MYR
OH,3135,ROC,IDA
OH,9685,IND,ROA
OH,8140,ONT,RDU
OH,6393,ORD,AVP
OH,5384,LBB,MSP
OH,1412,BDL,LAN
OH,1097,ACV,CLT
OH,6843,HVN,PIT
OH,2339,STT,SBN
OH,9009,FAY,PHF
OH,6893,CHS,CHO
OH,2484,SDF,BOS
OH,2260,STL,LFT
OH,5732,HPN,VPS
OO,4793,OKC,HTS
OO,9440,LAR,PGV
OO,3307,OAJ,DFW
OO,9620,BIL,TXK
OO,3888,MGM,AUS
OO,9079,FSM,BWI
OO,3551,ATL,ALB
OO,341,RAP,SAN
OO,1116,LBB,SYR
OO,1747,CRW,EUG
OO,491,ORH,PIT
OO,5989,MKE,LAX
OO,3485,STT,COU
OO,5070,BOS,BNA
OO,7945,ATL,CID
OO,749,LAS,CDC
OO,6833,BNA,FLL
OO,8607,RIC,MDT
OO,5587,CAK,FSD
OO,298,FCA,GRR
OO,4438,ORF,IAD
OO,5567,CLE,IAD
OO,1369,SBN,BNA
OO,381,MVY,STT
OO,7410,STL,ACK
OO,1554,PIT,RSW
OO,964,FNT,ABQ
OO,7948,CVG,LBB
OO,5867,MKE,RIC
OO,6933,BOS,TYR
OO,7088,CRW,ATW
OO,4514,RIC,HNL
OO,6559,PNS,SAT
OO,6055,IND,ROA
OO,2471,SWO,DSM
OO,6080,DEN,SYR
OO,5238,ECP,TYS
OO,1125,TYS,RST
OO,1054,CMX,ATL
OO,5703,BJI,PDX
OO,5269,BOI,GPT
OO,1828,MSO,GSP
OO,6555,AUS,DEN
OO,2701,SAT,BTR
OO,5266,GRR,CID
OO,6885,MQT,FLL
OO,7633,SJT,BWI
OO,5134,ABQ,CMI
OO,1504,BUR,AGS
OO,4955,SFO,ABQ
OO,8401,BGR,BQN
OO,2489,SHV,SPN
OO,9264,GFK,CLT
OO,9915,DFW,SAN
OO,3671,BWI,CLE
OO,1387,CMH,CLT
OO,2314,AGS,PWM
OO,5510,ORD,COS
OO,1421,MOB,ALB
OO,7721,FCA,LGA
OO,9994,LIT,DSM
OO,5120,LAX,PHF
OO,1,ROA,AVP
OO,4759,MSP,BGR
OO,742,TPA,MCI
OO,9950,EVV,MSP
OO,9405,MDT,SYR
OO,9635,TUL,BHM
OO,5956,RDU,DSM
OO,7180,EAU,LBB
OO,4429,TRI,RDU
OO,6124,SDF,IAD
OO,7494,BTR,SWO
OO,365,PIE,MYR
OO,7384,MIA,BTV
OO,5043,ACV,DSM
OO,5216,IAH,XNA
OO,3203,IDA,ORD
OO,211,MYR,MCO
OO,3728,RIC,MFR
OO,8626,MCI,SGF
OO,3557,ROW,RST
OO,4470,EKO,PBG
OO,9972,GUM,MSN
OO,2206,CAK,PBG
OO,9472,CKB,CAK
OO,1350,SJU,VEL
OO,5837,OWB,BOI
OO,6584,LEX,CLE
OO,3601,BOS,RIC
OO,1697,DAY,DLG
OO,2522,RAP,MDT
OO,7493,ABR,RSW
OO,48,CID,AGS
OO,678,MQT,LSE
OO,937,MIA,MLU
OO,7811,PBI,GNV
OO,6269,DFW,CAE
OO,8277,CRW,PHL
OO,4977,PVD,MCI
OO,5647,MHT,ABE
OO,7710,ICT,FNT
OO,2378,BZN,MSP
OO,930,LGA,CHS
OO,3817,DTW,BHM
OO,1658,TVC,LWS
OO,633,CHO,SAV
OO,3137,RIC,PBG
OO,3344,GSP,LBL
OO,6614,MSP,PWM
OO,479,BNA,MKE
OO,5129,PWM,DEN
OO,9030,MYR,ROC
OO,1142,MBS,SFO
OO,7959,DCA,MSN
OO,4712,OMA,PIT
OO,5614,GST,STL
OO,457,SAT,BQN
OO,7292,BOI,SAV
OO,6797,OKC,LWS
OO,8129,AUS,MCI
OO,3508,CHO,SAT
OO,3272,BOI,BNA
OO,189,OAK,OAJ
OO,955,HOU,CLE
OO,7451,GNV,ROA
OO,9575,CAK,EWN
OO,904,LSE,BDL
OO,8192,CHS,MSN
OO,3980,TOL,RDU
OO,5451,BOS,IAH
OO,7112,ROC,CHS
OO,1719,DCA,CNY
OO,8720,ROC,IAH
OO,2763,APN,LAS
OO,7891,TRI,ACY
OO,3481,TVC,ORD
OO,1946,GTF,SDF
OO,1888,MEM,FLL
OO,9041,ABQ,OAJ
OO,591,CHS,SMF
OO,1435,BGR,PWM
OO,6108,GRR,SHV
OO,4491,AGS,OAJ
OO,227,BZN,SDF
OO,7012,DTW,ORD
OO,9969,SRQ,CLE
OO,5246,BNA,RIC
OO,2300,MEM,LGB
OO,7236,MKE,BFF
OO,6052,ERI,COD
OO,1200,MDW,ECP
OO,8198,PNS,BNA
OO,8533,LBL,CVG
OO,9714,JAX,RIC
OO,1560,STX,CVG
OO,8562,CLE,RDU
OO,2523,AMA,GRR
OO,8515,XNA,FAI
OO,8103,XNA,RSW
OO,9161,TUL,MLI
OO,5585,OKC,JAX
OO,3556,BHM,XNA
OO,7666,BJI,PWM
OO,5650,MDW,STT
OO,5361,MSP,CAK
OO,2965,PNS,DSM
OO,4687,CHS,SHV
OO,7819,RDD,BNA
OO,6707,MVY,TOL
OO,6018,BNA,ASE
OO,2960,TUL,DCA
OO,9478,FLL,HPN
OO,9797,PSE,PWM
OO,3870,AGS,PHL
OO,5118,APN,TUL
OO,1659,BNA,OAJ
OO,4297,CAK,BTR
OO,5706,MLI,DTW
OO,3251,MDW,XNA
OO,7805,SMF,SYR
OO,5063,BTR,FAT
OO,8489,SAT,BWI
OO,836,MCI,PWM
OO,9199,DAL,ORD
OO,3036,MGM,CRP
OO,7184,SMF,IAD
OO,1352,ALB,CLT
OO,7113,ERI,DEN
OO,4316,PIA,MSP
OO,6289,SAV,CAK
OO,5790,LEX,PIA
OO,6037,MOB,DHN
OO,5028,MYR,ICT
OO,3243,ANC,PDX
OO,4119,ORF,BNA
OO,952,BOS,ABI
OO,7456,HNL,MBS
OO,9353,CNY,SEA
OO,3086,CDV,FAT
UA,895,SYR,RIC
UA,5467,MGM,DTW
UA,4670,IAH,ATL
UA,4731,BNA,MDT
UA,1313,BOI,SAN
UA,2561,ABY,CAK
UA,5018,BQN,ROW
UA,7321,ABE,YAK
UA,346,GFK,CAK
UA,5158,SAV,FLL
UA,6425,PVD,ORF
UA,709,FAT,BRO
UA,1633,MKE,JAX
UA,3472,BDL,PHL
UA,8435,CAE,CHA
UA,3689,PSC,ORF
UA,3851,SLN,RDU
UA,7655,CHS,AVL
UA,6208,ROA,ELP
UA,8650,PDX,MOT
UA,5006,KTN,IMT
UA,5620,PDX,ORD
UA,8327,VPS,OMA
UA,515,OAK,SJT
UA,4480,FAI,CMX
UA,2142,LIT,LEX
UA,9391,OAJ,ORF
UA,5541,LGA,SAN
UA,1833,CLE,TUL
UA,6554,CHS,OAJ
UA,3661,SDF,LAS
UA,3221,AVL,DAL
UA,5021,ROC,SRQ
UA,4565,BOS,LAN
UA,3730,DTW,LGA
UA,3994,PRC,HOU
UA,5761,GRR,DEN
UA,2667,TYR,PHX
UA,5960,FWA,OMA
UA,382,LAX,BRO
UA,1404,EVV,BNA
UA,6887,CMH,LBL
UA,8863,DTW,CGI
UA,1121,ATL,ANC
UA,3110,HRL,PHX
UA,2371,CID,UIN
UA,2331,RDM,MQT
UA,5920,RNO,ATL
UA,9805,EWR,DTW
UA,2574,BOS,BDL
UA,3478,PSP,IAH
UA,4834,MSO,BDL
UA,2948,SDF,KTN
UA,9254,BNA,ROC
UA,2544,LGA,RST
UA,4615,TVC,GNV
UA,3653,CHS,CLL
UA,4452,JAX,ONT
UA,7464,PAH,TYS
UA,4475,MGM,FAT
UA,7711,AUS,SUX
UA,2647,FWA,LGA
UA,6158,ROW,MOT
UA,5210,SAV,RSW
UA,8979,PHL,ALB
UA,962,LBB,MTJ
UA,8071,FLL,CRW
UA,7328,ABQ,PHX
UA,7725,SBN,PBI
UA,1256,LAX,SAN
UA,7656,ELP,DFW
UA,6228,ABE,SHD
UA,4964,ABQ,TOL
UA,1920,BNA,SAV
UA,760,HNL,KTN
UA,5112,BUR,SGU
UA,6690,PWM,RDU
UA,8968,ABR,DAB
UA,7144,TUS,LIH
UA,4317,RDU,BOS
UA,3898,IDA,TYS
UA,9857,RNO,DCA
UA,841,MAF,DLH
UA,9308,CID,SGF
UA,7854,PWM,STL
UA,8948,BNA,JAC
UA,9708,BOS,JAX
UA,1210,DTW,RST
UA,1835,LNK,DSM
UA,8753,SHV,MHT
UA,3917,LGA,ROC
UA,3056,CLE,CLT
UA,3666,CLL,GPT
UA,1463,CLE,BUR
UA,1496,ATL,PHL
UA,3023,FCA,JAC
UA,3254,CGI,CHO
UA,2987,CSG,MRY
UA,1680,LBE,CAK
UA,9402,RFD,GPT
UA,9192,PIT,PWM
UA,813,FCA,DSM
UA,2214,ROC,TUL
UA,7626,LBE,LAS
UA,1491,LYH,BUF
UA,5138,SMF,OAJ
UA,683,SAF,PIT
UA,1372,ABE,SMF
UA,7084,PHL,MOB
UA,8353,BWI,UIN
UA,8213,TUS,GSP
UA,2718,RKS,AVL
UA,2607,SWF,MDT
UA,54,ESC,MSY
UA,701,ROA,JAX
UA,3886,MCI,PRC
UA,4381,MOT,LAS
UA,3067,DHN,IAH
UA,345,RIC,SDF
UA,5185,STL,FAY
UA,4373,ICT,TYS
UA,5826,FWA,MHT
UA,2716,IAD,BWI
UA,3289,FSM,CNY
UA,7167,LYH,BZN
UA,6635,GSP,RIC
UA,9502,HIB,DLH
UA,9347,SYR,ABQ
UA,6941,DAB,CLT
UA,4549,CLE,DEN
UA,2302,HSV,HPN
UA,9212,SYR,CKB
UA,5721,XNA,OAK
UA,198,BMI,LGA
UA,3921,DVL,ALB
UA,4723,SMF,MSN
UA,1244,SHV,MQT
UA,7593,SJU,TVC
UA,1000,TUL,SAN
UA,8279,LBE,RDM
UA,8025,PNS,DCA
UA,3912,CRP,MCI
UA,7453,CHO,AUS
UA,9237,SFO,SGU
UA,2676,MFE,ICT
UA,7964,PBI,BOS
UA,6487,BZN,IAD
UA,5943,MKE,COD
UA,5519,RDU,CLE
UA,3191,PDX,TVC
UA,9116,CMH,OKC
UA,1684,SLC,APN
UA,6439,DSM,EGE
UA,5131,BGR,GTF
UA,4859,PIB,MAF
UA,9028,AZO,ONT
UA,3932,CVG,SFO
UA,3194,SYR,ABE
UA,1025,CMH,MHT
UA,8332,CHS,ALB
UA,5601,CLE,TYS
UA,359,BRW,SWO
UA,1154,CHO,OAK
UA,7735,RIC,MCI
UA,8737,VPS,WYS
UA,7777,OAK,LAS
UA,7757,CRP,IAH
UA,3694,ILM,RDU
UA,45,CLT,GFK
UA,1111,CRW,BQK
UA,7840,SYR,LIT
UA,7356,CLE,HDN
UA,119,CMH,BRO
UA,4596,ACY,AUS
UA,2284,BMI,BDL
UA,6290,TLH,IND
UA,16,ATL,DHN
UA,5745,TXK,MSN
UA,93,MEM,GNV
UA,3974,IND,SJU
UA,923,AVP,AZA
UA,2781,MHK,BOI
UA,5333,RAP,EGE
UA,2196,ESC,MCI
UA,5751,RDU,ROA
UA,7363,CMH,PIA
UA,1669,MSY,ORD
UA,2881,BUF,DAY
UA,6061,TUL,HTS
UA,9813,MDT,AEX
UA,7212,GSO,SHV
UA,4621,ACY,CAK
UA,4969,ITO,ABE
UA,9693,ACY,ASE
UA,3206,EYW,MEM
UA,5161,ROA,EVV
UA,383,BGM,CLT
UA,6624,STT,DAY
UA,139,RIC,PNS
UA,1074,BWI,PNS
WN,7024,BTR,SAT
WN,8815,MKE,CHO
WN,5636,DFW,CNY
WN,9181,CMH,BNA
WN,7909,TRI,PVD
WN,4626,CHS,ITH
WN,2815,CHA,CRW
WN,3406,EVV,BGM
WN,3973,BTV,RAP
WN,4529,CLE,PSP
WN,2430,RST,TYS
WN,7067,IAD,TUL
WN,7617,HSV,PHL
WN,9557,JAX,PHL
WN,6671,JNU,LBB
WN,8016,LAS,JAX
WN,1239,LAS,MCI
WN,6361,RIC,ELP
WN,3308,IND,MFE
WN,4730,GSO,PIH
WN,6292,ADQ,GPT
WN,9508,MVY,AEX
WN,9412,CGI,MRY
WN,6468,CLT,LBE
WN,4874,MGM,GSP
WN,3791,TYS,MCO
WN,2581,COS,OKC
WN,7557,HSV,IND
WN,4748,GRR,BWI
WN,5945,GRB,IND
WN,5898,LEX,IMT
WN,7596,TUS,AUS
WN,8459,PHX,PIT
WN,899,LBB,RIC
WN,2106,MSY,SAV
WN,1548,ORF,ORF
WN,9600,BLI,CLT
WN,4581,TOL,ATL
WN,5743,BTR,KOA
WN,5737,EWR,IAD
WN,6167,HVN,LAX
WN,6094,TYS,GEG
WN,8074,RIC,PIT
WN,5449,CAK,LAS
WN,9449,ABQ,BTR
WN,7963,CHO,RDU
WN,2626,SGF,LGA
WN,7728,AGS,CHS
WN,1265,PDX,TPA
WN,8834,ATL,OMA
WN,5771,TPA,FSM
WN,3247,MEM,DCA
WN,8820,CVG,BDL
WN,6813,MSY,CRW
WN,4515,MVY,BOI
WN,7054,ROC,TVC
WN,3008,PHL,EWR
WN,6291,ABR,MCI
WN,4799,OKC,LIT
WN,317,MDT,CID
WN,8929,MDT,LIH
WN,2625,ATW,SDF
WN,4360,SNA,LCH
WN,4233,ILM,MDT
WN,3904,DFW,ITH
WN,3574,PIT,EWR
WN,1314,DAY,ABQ
WN,1368,BRD,BIL
WN,3376,SNA,SMF
WN,9663,SAV,GNV
WN,4073,SEA,MKE
WN,421,STT,ROA
WN,8128,EWR,PNS
WN,6557,OMA,BGR
WN,6373,LAX,ELP
WN,7051,STL,RSW
WN,6281,GTF,BTR
WN,4439,LNK,SAN
WN,8560,MOB,OAK
WN,2328,MBS,ECP
WN,3424,DEN,SAV
WN,8816,PSC,AVP
WN,2533,DCA,AGS
WN,3972,VPS,CHS
WN,5244,EWR,DAL
WN,6834,IAH,BOS
WN,3618,CID,OMA
WN,3017,CDV,ABQ
WN,7008,AUS,SPI
WN,7863,SGU,PBI
WN,7531,MSP,MLB
WN,2448,ORD,AZO
WN,7220,DSM,MAF
WN,4367,MCI,AUS
WN,1687,CID,TYR
WN,411,EUG,MEM
WN,5923,DAL,VPS
WN,5894,GCC,AVL
WN,4476,BWI,BUF
WN,446,ORF,STL
WN,6475,RDU,MTJ
WN,1648,AUS,ONT
WN,7267,BLV,JAX
WN,2308,BTM,MSP
WN,6820,SRQ,RNO
WN,7224,ALB,RDD
WN,3498,AVL,IAG
WN,7541,GRR,SJU
WN,6248,CAE,IDA
WN,6422,MDT,MGM
WN,2978,BOS,FAT
WN,1292,RDU,BOI
WN,5181,GRK,RIC
WN,6066,BUF,MBS
WN,571,GTF,GTF
WN,1359,SAN,PHL
WN,4518,AZO,CID
WN,2192,AVL,MKG
WN,1106,AVP,BGR
WN,2248,ELP,CLE
WN,8954,MHT,WYS
WN,7554,TYS,RNO
WN,9359,MHT,TXK
WN,5839,MSN,SPS
WN,7137,EWN,GPT
WN,407,RST,AKN
WN,5967,STL,MCI
WN,5566,CRP,IDA
WN,7341,XNA,EVV
WN,5206,BDL,EUG
WN,6128,OAJ,CHS
WN,4132,TVC,LIH
WN,4449,SJC,BIL
WN,4950,LWB,BTR
WN,4252,BQN,GSP
WN,2587,PIT,TLH
WN,364,PIH,MYR
WN,2680,OMA,CRW
WN,7427,ORD,CVG
WN,4559,RIC,SJU
WN,473,CRW,PDX
WN,7312,BNA,MAF
WN,3185,TRI,JFK
WN,4825,PHL,CRW
WN,4572,MSY,GEG
WN,4306,MDT,KTN
WN,1764,RDD,FWA
WN,6246,PWM,TUL
WN,2189,PNS,ILM
WN,7491,FAI,BTR
WN,6717,IAD,BUF
WN,385,DTW,IND
WN,6774,BKG,AVP
WN,2422,PGV,CAK
WN,9459,ROC,HTS
WN,3220,SBP,SPI
WN,3248,IMT,DAB
WN,7191,BTV,BOS
WN,9090,FNT,CID
WN,902,BOI,BDL
WN,9387,MVY,MGM
WN,5425,SIT,CMH
WN,116,MSP,SAT
WN,5342,BNA,SNA
WN,1634,SEA,BDL
WN,9687,CKB,ROA
WN,6775,BNA,CMH
WN,695,MHT,SAT
WN,2839,BIS,CVG
WN,5378,ABQ,IAD
WN,1942,DEN,FLL
WN,3592,JFK,CRW
WN,4416,CHA,RST
WN,4365,ORF,RIC
WN,6520,AVP,MCI
WN,9535,FAT,OAK
WN,7375,FAR,PBI
WN,9748,SRQ,MYR
WN,8320,PHX,ABQ
WN,4765,BLI,SAV
WN,2442,BNA,PPG
WN,1150,EWR,TVC
WN,6686,IND,PBG
WN,6679,STL,RSW
WN,673,DAY,AKN
WN,527,ALB,CRW
WN,774,SGF,BIS
WN,8171,DAL,AVL
WN,6312,ECP,RDU
WN,6909,CHO,BOS
WN,4472,TUL,SUX
WN,3143,FNT,RAP
WN,8208,SAT,BUR
WN,5779,ICT,BUF
WN,6288,VLD,TVC
WN,555,TYS,RAP
WN,6735,ASE,COS
WN,7917,MBS,JAN
WN,3096,PDX,CLE
WN,1586,MGM,BFF
9E,5245,ONT,ROC
9E,6074,AVL,TLH
9E,8387,FAY,MSY
9E,7847,MCI,ATL
9E,4088,PAH,WRG
9E,5100,RAP,BUF
9E,3683,SHV,LIH
9E,5220,WRG,ALB
9E,4744,EUG,EVV
9E,3701,FLG,FAR
9E,4790,SHV,SDF
9E,9606,BQN,EAU
9E,2348,LGA,LYH
9E,1096,MHT,EGE
9E,7039,CLE,AMA
9E,7009,ESC,TUL
9E,6083,AUS,MKE
9E,4668,BGR,MLI
9E,9463,GRI,ELP
9E,1399,ROW,PVD
9E,4801,RHI,SAV
9E,7928,PSP,HYS
9E,4961,RDU,CMX
9E,1085,LGA,LAS
9E,1208,DSM,RDM
9E,5828,CAK,SLN
9E,5193,PIA,DEN
9E,7015,CLL,HNL
9E,5762,PAH,BTM
9E,5128,ROW,BDL
9E,6270,SNA,OMA
9E,4265,LAS,STL
9E,28,PNS,PBG
9E,6111,GSO,RHI
9E,4788,LAX,ANC
9E,4186,OAK,MHT
9E,2432,DSM,TLH
9E,3176,FLG,ABE
9E,5336,XNA,HIB
9E,8443,LWS,SEA
9E,4760,CAK,SRQ
9E,4843,EGE,MLB
9E,5218,MKE,LIT
9E,5687,PNS,JAN
9E,636,ABQ,OGG
9E,938,PVD,ORD
9E,8671,PSM,TYS
9E,898,PBG,BNA
9E,4582,TUL,SAT
9E,630,XNA,PIA
9E,7697,ORD,SJC
9E,5778,DAY,TVC
9E,9392,MEM,EAU
9E,8085,AVL,CAE
9E,8324,MSY,BNA
9E,4775,BDL,GPT
9E,5777,ABE,SGF
9E,1156,MDT,BUF
9E,2310,BHM,STL
9E,8584,BZN,SAT
9E,9002,OKC,SGF
9E,6832,MSN,PIT
9E,6509,CID,AKN
9E,5642,IAH,MLB
9E,5457,MCO,BHM
9E,1884,SFO,TUL
9E,4200,MSP,PSM
9E,7332,CHO,TXK
9E,5992,BDL,MEM
9E,6779,STL,RIC
9E,8925,LIT,BTV
9E,1796,AUS,LAX
9E,9232,BNA,BQN
9E,6729,ATL,DSM
9E,4952,LEX,BNA
9E,8572,SYR,OAK
9E,9662,MOB,VLD
9E,1042,BUF,AGS
9E,8756,MCO,ORF
9E,5195,CVG,BTR
9E,1217,HSV,DFW
9E,7684,SWO,LEX
9E,928,CVG,CVG
9E,3346,OAK,DVL
9E,4637,STL,HDN
9E,1547,TOL,SHV
9E,8667,PNS,HYA
9E,5222,RDM,CDC
9E,6934,DTW,RST
9E,9484,CAE,BRO
9E,404,MCI,CVG
9E,6322,GSO,BDL
9E,9089,DTW,PUB
9E,7397,DTW,PHX
9E,2324,BNA,PNS
9E,9970,DAY,AVP
9E,884,PNS,SYR
9E,9858,FAY,MSN
9E,9564,EUG,RIC
9E,6401,MDT,LEX
9E,11,ROC,PHL
9E,2396,TWF,ROW
9E,5390,DFW,PIT
9E,1032,BUR,GRR
9E,8438,SDF,TYS
9E,2239,HPN,CVG
9E,2769,DTW,TUS
9E,3338,RIC,GNV
9E,7918,ALO,CKB
9E,4301,FAY,OGG
9E,7278,MAF,TYS
9E,6960,RAP,TUS
9E,921,BOI,RST
9E,8620,COS,SAT
9E,6102,BOS,MCI
9E,2215,PDX,MDT
9E,20,PDX,GRR
9E,1755,BTV,PPG
9E,662,MDT,GEG
9E,3465,IAD,COS
9E,1416,GJT,AVL
9E,6504,TUL,JAX
9E,8723,HSV,CMH
9E,8761,ATL,MSO
9E,4889,MKE,STL
9E,6479,MCO,MYR
9E,9860,FLG,XNA
9E,9177,SAV,SLN
9E,2708,ILM,ORF
9E,8204,TUL,PHL
9E,9436,ROW,PSE
9E,9492,JAX,DEN
9E,4102,FLL,GSO
9E,3692,STL,KOA
9E,1233,ABQ,CMH
9E,2976,RIC,TYS
9E,8996,MSY,FAT
9E,6780,EAU,BFL
9E,9249,BZN,PWM
9E,3795,PHX,JFK
9E,8651,GNV,FAR
9E,6973,CHA,DAL
9E,4716,CID,ALB
9E,348,DAY,DFW
9E,914,EGE,IAG
9E,842,BWI,MKE
9E,1822,GNV,SAF
9E,3261,BFL,CLT
9E,5359,OGG,VLD
9E,5098,BWI,MCI
9E,7933,GTF,MDW
9E,7681,BOS,PDX
9E,6713,MQT,LNK
9E,9577,AUS,BWI
9E,4113,MLI,CVG
9E,9943,MEM,DSM
9E,2071,AUS,AGS
9E,3890,CHS,ROW
9E,5921,PDX,MSO
9E,9798,ALB,DCA
9E,8655,OMA,XNA
9E,6494,CRP,ELP
9E,586,ORD,OMA
9E,5628,IAH,CLE
9E,4550,MGM,ALB
9E,5514,SPS,KTN
9E,8990,ORD,SPI
9E,7189,HYS,DFW
9E,5613,SAN,ELP
9E,7448,SJC,SAT
9E,553,DCA,EWR
9E,3731,BTR,BHM
9E,9887,MSO,JMS
9E,3591,BGR,TXK
9E,4577,SYR,DAY
9E,6180,BGR,AUS
9E,3459,MYR,DCA
9E,3644,PHX,MSN
9E,9168,AGS,ELP
9E,6308,IAH,SEA
9E,8340,ATL,SMF
9E,8628,AZO,MCI
9E,1636,HIB,ATL
9E,6010,BDL,OGG
9E,6069,DSM,DEN
9E,9551,TYS,SAV
9E,5994,EWN,TLH
9E,5718,PVD,MSY
9E,8659,SWO,RIC
9E,1478,GNV,FNT
9E,9388,BOS,ESC
9E,8992,JAX,MSY
9E,3582,STL,OKC
9E,9496,OKC,EGE
9E,3076,CVG,CLT
9E,7487,SJC,BUF
9E,3818,CLT,PWM
9E,9243,BOI,LIT
9E,8589,PBG,BNA
9E,8952,INL,CRW
AA,3555,FAY,MSP
AA,2940,HTS,SRQ
AA,3070,BHM,MCI
AA,6139,GEG,GCC
AA,6511,CHS,EWN
AA,6819,BWI,FWA
AA,9476,ONT,TPA
AA,4126,BWI,RDU
AA,4460,MHT,ORF
AA,6528,DTW,SWO
AA,4087,SLC,SEA
AA,4824,MIA,SHV
AA,2668,AEX,XNA
AA,615,MLU,CLT
AA,2470,CHO,LYH
AA,2501,LSE,ACY
AA,3632,CVG,FNT
AA,1432,DFW,TXK
AA,7830,DAL,CID
AA,6829,SHV,MAF
AA,2034,DTW,DEN
AA,1759,BMI,TUL
AA,18,PUB,VPS
AA,7568,SDF,ATL
AA,4914,LWS,TPA
AA,6537,TXK,MOT
AA,1136,BHM,RDD
AA,4866,ORD,HOU
AA,3354,TYS,GRR
AA,8701,ABQ,CAE
AA,5709,HNL,DAL
AA,5882,RHI,TLH
AA,5970,LNK,FWA
AA,7665,DTW,FAR
AA,2120,ATL,IDA
AA,1668,BTV,SAT
AA,8558,HVN,LIH
AA,2990,MAF,BHM
AA,2059,GFK,SFO
AA,3314,DFW,LGA
AA,9971,OMA,GPT
AA,7946,ORD,BQN
AA,5311,AUS,TLH
AA,6688,ROC,PUB
AA,5634,EWR,FLG
AA,4012,GSO,BGR
AA,9170,JAN,CAK
AA,3595,BUR,SHV
AA,7140,PHL,CAK
AA,2573,ABQ,OKC
AA,6974,MYR,STL
AA,3854,BTV,GSO
AA,9944,ACV,MDW
AA,9368,PVD,GUC
AA,5293,ELP,TUL
AA,3416,ABY,ORD
AA,5079,CVG,TYR
AA,117,BNA,IAD
AA,3526,BIL,ORF
AA,9290,AUS,LAN
AA,1671,TYS,TYS
AA,1163,ORD,IAH
AA,9525,AUS,FLL
AA,6100,DFW,PWM
AA,2281,BTR,SJU
AA,304,BQN,PVD
AA,2318,RNO,DCA
AA,2100,CHA,DSM
AA,8281,EGE,SAT
AA,971,EWR,RIC
AA,2483,GSO,IND
AA,9480,BRD,DHN
AA,4676,FSD,CRW
AA,3279,STL,FNT
AA,4927,MSN,HYS
AA,8777,MFR,HOU
AA,1030,SUX,ALB
AA,2684,BUF,IND
AA,4259,MLB,SAV
AA,609,ALB,CVG
AA,5773,PHL,SRQ
AA,8237,CID,OME
AA,6662,ATL,PIT
AA,7090,IND,ICT
AA,4867,MCI,BOS
AA,5253,AUS,AUS
AA,2540,SWO,BTV
AA,5888,PHL,ONT
AA,6963,RAP,RDU
AA,7522,PSP,SAV
AA,8250,BZN,TXK
AA,4618,LBB,MKE
AA,2552,APN,LGA
AA,193,MDT,BOS
AA,5908,MIA,ABQ
AA,8209,SYR,CHS
AA,7457,PHL,SJC
AA,1660,PSP,DEN
AA,444,LIH,BHM
AA,3019,MSY,BUF
AA,1799,CMH,GCC
AA,6276,BQK,SAN
AA,4203,SFO,CRW
AA,6001,SLC,GFK
AA,4619,ASE,SAN
AA,315,DCA,MYR
AA,5332,DTW,BDL
AA,4916,CHS,DCA
AA,9354,OAK,GRB
AA,664,SJU,CRP
AA,2419,RDU,ROC
AA,4098,EYW,BWI
AA,1038,PBI,MCI
AA,3041,HPN,PWM
AA,9753,LEX,SJT
AA,154,BDL,SBN
AA,4513,FSD,JAX
AA,4628,LAW,CRW
AA,422,HTS,CVG
AA,2822,OGG,ALB
AA,5607,FWA,CVG
AA,2286,SDF,HOU
AA,5073,RNO,ATL
AA,49,DSM,HYA
AA,8182,CID,BOS
AA,4355,PIB,TYS
AA,95,MCO,RDU
AA,1462,SYR,AEX
AA,4663,CVG,RST
AA,1468,STT,BOS
AA,39,FSD,RIC
AA,5188,JAX,GRR
AA,6254,UIN,MSY
AA,8154,ATL,BET
AA,2150,SYR,BMI
AA,9238,OKC,CGI
AA,6991,SBN,GTF
AA,110,GRB,JAC
AA,4995,HPN,CMH
AA,6956,BWI,RDU
AA,3814,ROA,ACY
AA,4685,BHM,MGM
AA,2000,OMA,BTV
AA,745,RIC,EWN
AA,8930,CAK,TPA
AA,9397,CHO,LWB
AA,1711,LAX,TRI
AA,3320,CSG,BZN
AA,9870,PWM,BDL
AA,248,BTR,CLE
AA,3064,MSY,STL
AA,4157,LIT,STT
AA,2804,LGA,GPT
AA,2403,PSP,TPA
AA,574,PHL,DAL
AA,1031,HSV,LBE
AA,2350,SYR,AVP
AA,9087,AUS,JAC
AA,4464,GPT,ACY
AA,5643,MCI,LAR
AA,5950,JFK,CHO
AA,9780,PNS,PIB
AA,3078,MEM,MYR
AA,5360,HPN,TOL
AA,8067,SRQ,TVC
AA,5202,BNA,MGM
AA,1494,VLD,MCI
AA,1945,LBE,ROC
AA,2191,SBA,ROW
AA,6848,ROC,SCE
AA,3010,RDU,TOL
AA,4671,MYR,BDL
AA,3331,MSO,GSO
AA,6918,MKE,DFW
AA,2732,LAX,ROA
AA,4785,LGA,LBL
AA,3598,HSV,LEX
AA,607,BDL,CWA
AA,115,LNK,DTW
AA,4469,RIC,MEM
AA,9828,JAX,HOU
AA,852,EAU,TUL
AA,7671,RNO,MQT
AA,721,PBI,RIC
AA,4332,IAH,MEM
AA,7266,MKE,MSP
AA,7401,AGS,BMI
AA,6899,STL,LAX
AA,3190,EWR,AUS
AA,2389,BOS,SLC
AA,728,FAR,SPI
AA,3993,HPN,DSM
AA,1014,CHS,BFL
AA,8731,OMA,DAL
AA,1089,LAX,STT
AA,939,EWR,TLH
AA,4345,BTR,MHT
AA,2972,ABQ,SRQ
AA,6471,GNV,DAY
AA,4569,PHL,FAY
AS,8364,ALB,DCA
AS,3708,CVG,ATL
AS,3317,MIA,MEM
AS,8488,SNA,PNS
AS,8732,CHS,RIC
AS,9320,TRI,MLB
AS,3868,RDU,PBI
AS,7317,DTW,IND
AS,4920,BTV,BOI
AS,4503,AGS,ACK
AS,1882,MFE,MKG
AS,2065,LBF,MSO
AS,2776,DCA,SAF
AS,8309,LAN,BGR
AS,5748,RNO,PDX
AS,6149,FLG,PDX
AS,4809,ORD,BOI
AS,7061,HSV,LAN
AS,4704,CVG,MOB
AS,7571,SGU,HPN
AS,5322,OKC,DAY
AS,9370,ATL,AVL
AS,8181,CHO,CLT
AS,6818,SBN,AGS
AS,4645,SFO,BQN
AS,1929,TLH,MLB
AS,3032,DLH,RDU
AS,8005,ALB,RDU
AS,4973,ISP,CAK
AS,8833,EUG,MQT
AS,3241,MKG,SAN
AS,2745,BOI,LGA
AS,3437,HOU,MSP
AS,9461,ONT,VEL
AS,4660,LBB,MKE
AS,2157,LAX,SAV
AS,7865,ABR,ORF
AS,5015,HYA,MYR
AS,5584,CKB,SUX
AS,1349,MIA,ELP
AS,8646,CHO,BOI
AS,57,MOB,BUF
AS,6842,JAN,DFW
AS,8036,BDL,EVV
AS,9025,SHV,BUF
AS,5284,PBG,MOB
AS,5532,TYS,BQN
AS,5770,TPA,SRQ
AS,8728,AVL,DSM
AS,735,DAY,TPA
AS,3789,OAJ,BUF
AS,8408,OGG,RIC
AS,4923,PGV,RIC
AS,2384,LIT,UIN
AS,5106,BNA,MLU
AS,8982,ROC,PGV
AS,2267,IND,BOS
AS,2894,CLT,ALO
AS,2002,DSM,BWI
AS,9677,BDL,RNO
AS,3309,BDL,STL
AS,3686,DTW,PHX
AS,4092,BDL,SUX
AS,4103,OKC,BHM
AS,6763,TOL,PIT
AS,5663,LIH,HSV
AS,6333,EVV,SAT
AS,972,ROA,ROA
AS,3862,LGA,PIT
AS,5586,ORD,ICT
AS,9380,SJT,RSW
AS,7975,CRW,ROA
AS,4302,HVN,TPA
AS,6913,BGR,GNV
AS,7594,CMH,LGA
AS,19,MSP,PIT
AS,1598,LEX,HSV
AS,519,BZN,RST
AS,7730,MSN,OMA
AS,9838,JAX,IAD
AS,3538,TUL,CMH
AS,9847,CMH,FNT
AS,46,ROA,SEA
AS,1889,HTS,ROA
AS,41,RDM,GRK
AS,8214,HDN,GRR
AS,551,JFK,CAK
AS,1047,AUS,RAP
AS,3118,DCA,ALB
AS,5221,ICT,CLE
AS,6998,MGM,OGG
AS,6927,COD,ICT
AS,2345,PWM,MLB
AS,4152,SBN,ROC
AS,7572,COD,BZN
AS,2156,SNA,SGF
AS,4337,VPS,GPT
AS,9046,BDL,GSP
AS,5369,RIC,IND
AS,1655,ROC,RDU
AS,9289,XNA,ABQ
AS,1065,ORD,BFF
AS,4722,LBE,GTR
AS,9164,ATL,OKC
AS,2830,ORF,BNA
AS,1511,GRB,MLU
AS,7984,STL,MTJ
AS,4104,BDL,CLT
AS,2780,DEN,GEG
AS,107,SEA,LAS
AS,112,OKC,ROC
AS,2217,PRC,MYR
AS,5974,RNO,ANC
AS,9659,ADQ,SEA
AS,6968,SFO,FCA
AS,192,SUX,IND
AS,5393,CHA,IND
AS,9423,TUL,BNA
AS,3269,IND,TOL
AS,7309,MDT,OTH
AS,9523,FAY,ROA
AS,2212,PWM,SAV
AS,7295,RDU,TTN
AS,4666,TUL,FAY
AS,1306,BNA,RDU
AS,5785,SYR,ROW
AS,4640,MKG,DHN
AS,9872,SEA,CHO
AS,2490,GRR,BUF
AS,5083,TVC,STT
AS,2429,MSY,EWN
AS,9770,SHV,TUS
AS,1696,BWI,PGV
AS,9769,TUL,CLE
AS,8437,ICT,HNL
AS,271,HPN,ATL
AS,5605,CLE,GRR
AS,917,BUR,ALB
AS,5795,PWM,SAT
AS,5985,PWM,PNS
AS,7171,CIU,MEM
AS,2504,SFO,GEG
AS,886,YUM,ACK
AS,8217,LIT,KTN
AS,7677,BDL,SWF
AS,8191,TVC,DFW
AS,5504,OMA,RSW
AS,3703,PUB,HSV
AS,4170,AUS,RSW
AS,2001,ACK,GRR
AS,7221,HTS,SPI
AS,6047,ROC,CHS
AS,6155,CMH,STL
AS,4653,BIL,CRW
AS,9313,PIA,STL
AS,5001,SAV,MCI
AS,2730,CLE,BDL
AS,893,CLE,ATW
AS,9742,HDN,TUL
AS,8592,HPN,ABE
AS,3316,MLI,TYS
AS,1804,ALB,LIT
AS,2236,DAB,ABQ
AS,3810,MIA,CHS
AS,1769,AEX,RIC
AS,4084,SAV,CVG
AS,4209,OKC,SEA
AS,3998,SYR,IND
AS,5940,DBQ,BDL
AS,6473,STL,MSO
AS,4519,BHM,STT
AS,4349,SNA,PWM
AS,9425,ECP,FLL
AS,7752,FCA,JAC
AS,8215,MEM,ROW
AS,1730,AVL,FAY
AS,357,BNA,OGG
AS,5522,BQN,DHN
AS,778,LYH,HVN
AS,6966,RST,ATL
AS,6413,IND,COD
AS,1513,MKE,FAR
AS,6727,OMA,RDU
AS,6681,MRY,GSO
AS,3410,CMX,GST
AS,9396,ICT,LFT
AS,7601,LWB,PIB
AS,2705,GTF,IAG
AS,861,ABE,AZO
AS,1543,CAK,BUF
AS,7544,SGF,CAE
AS,9190,LGA,EUG
AS,2846,LBE,DTW
AS,5367,AVP,HNL
AS,387,ROW,STL
AS,3040,ICT,RSW
AS,5309,MCI,GST
AS,9737,PHL,LGB
AS,5817,TUL,DTW
AS,8750,SAV,MHT
